Name,Type1,Type2,HP,Attack,Defense,Sp. Atk,Sp. Def,Speed,Sprite
bulbasaur,grass,poison,45,49,49,65,65,45,https://raw.githubusercontent.com/PokeAPI/sprites/master/sprites/pokemon/versions/generation-viii/icons/1.png
ivysaur,grass,poison,60,62,63,80,80,60,https://raw.githubusercontent.com/PokeAPI/sprites/master/sprites/pokemon/versions/generation-viii/icons/2.png
venusaur,grass,poison,80,82,83,100,100,80,https://raw.githubusercontent.com/PokeAPI/sprites/master/sprites/pokemon/versions/generation-viii/icons/3.png
charmander,fire,,39,52,43,60,50,65,https://raw.githubusercontent.com/PokeAPI/sprites/master/sprites/pokemon/versions/generation-viii/icons/4.png
charmeleon,fire,,58,64,58,80,65,80,https://raw.githubusercontent.com/PokeAPI/sprites/master/sprites/pokemon/versions/generation-viii/icons/5.png
charizard,fire,flying,78,84,78,109,85,100,https://raw.githubusercontent.com/PokeAPI/sprites/master/sprites/pokemon/versions/generation-viii/icons/6.png
squirtle,water,,44,48,65,50,64,43,https://raw.githubusercontent.com/PokeAPI/sprites/master/sprites/pokemon/versions/generation-viii/icons/7.png
wartortle,water,,59,63,80,65,80,58,https://raw.githubusercontent.com/PokeAPI/sprites/master/sprites/pokemon/versions/generation-viii/icons/8.png
blastoise,water,,79,83,100,85,105,78,https://raw.githubusercontent.com/PokeAPI/sprites/master/sprites/pokemon/versions/generation-viii/icons/9.png
caterpie,bug,,45,30,35,20,20,45,https://raw.githubusercontent.com/PokeAPI/sprites/master/sprites/pokemon/versions/generation-viii/icons/10.png
metapod,bug,,50,20,55,25,25,30,https://raw.githubusercontent.com/PokeAPI/sprites/master/sprites/pokemon/versions/generation-viii/icons/11.png
butterfree,bug,flying,60,45,50,90,80,70,https://raw.githubusercontent.com/PokeAPI/sprites/master/sprites/pokemon/versions/generation-viii/icons/12.png
weedle,bug,poison,40,35,30,20,20,50,https://raw.githubusercontent.com/PokeAPI/sprites/master/sprites/pokemon/versions/generation-viii/icons/13.png
kakuna,bug,poison,45,25,50,25,25,35,https://raw.githubusercontent.com/PokeAPI/sprites/master/sprites/pokemon/versions/generation-viii/icons/14.png
beedrill,bug,poison,65,90,40,45,80,75,https://raw.githubusercontent.com/PokeAPI/sprites/master/sprites/pokemon/versions/generation-viii/icons/15.png
pidgey,normal,flying,40,45,40,35,35,56,https://raw.githubusercontent.com/PokeAPI/sprites/master/sprites/pokemon/versions/generation-viii/icons/16.png
pidgeotto,normal,flying,63,60,55,50,50,71,https://raw.githubusercontent.com/PokeAPI/sprites/master/sprites/pokemon/versions/generation-viii/icons/17.png
pidgeot,normal,flying,83,80,75,70,70,101,https://raw.githubusercontent.com/PokeAPI/sprites/master/sprites/pokemon/versions/generation-viii/icons/18.png
rattata,normal,,30,56,35,25,35,72,https://raw.githubusercontent.com/PokeAPI/sprites/master/sprites/pokemon/versions/generation-viii/icons/19.png
raticate,normal,,55,81,60,50,70,97,https://raw.githubusercontent.com/PokeAPI/sprites/master/sprites/pokemon/versions/generation-viii/icons/20.png
spearow,normal,flying,40,60,30,31,31,70,https://raw.githubusercontent.com/PokeAPI/sprites/master/sprites/pokemon/versions/generation-viii/icons/21.png
fearow,normal,flying,65,90,65,61,61,100,https://raw.githubusercontent.com/PokeAPI/sprites/master/sprites/pokemon/versions/generation-viii/icons/22.png
ekans,poison,,35,60,44,40,54,55,https://raw.githubusercontent.com/PokeAPI/sprites/master/sprites/pokemon/versions/generation-viii/icons/23.png
arbok,poison,,60,95,69,65,79,80,https://raw.githubusercontent.com/PokeAPI/sprites/master/sprites/pokemon/versions/generation-viii/icons/24.png
pikachu,electric,,35,55,40,50,50,90,https://raw.githubusercontent.com/PokeAPI/sprites/master/sprites/pokemon/versions/generation-viii/icons/25.png
raichu,electric,,60,90,55,90,80,110,https://raw.githubusercontent.com/PokeAPI/sprites/master/sprites/pokemon/versions/generation-viii/icons/26.png
sandshrew,ground,,50,75,85,20,30,40,https://raw.githubusercontent.com/PokeAPI/sprites/master/sprites/pokemon/versions/generation-viii/icons/27.png
sandslash,ground,,75,100,110,45,55,65,https://raw.githubusercontent.com/PokeAPI/sprites/master/sprites/pokemon/versions/generation-viii/icons/28.png
nidoran-f,poison,,55,47,52,40,40,41,https://raw.githubusercontent.com/PokeAPI/sprites/master/sprites/pokemon/versions/generation-viii/icons/29.png
nidorina,poison,,70,62,67,55,55,56,https://raw.githubusercontent.com/PokeAPI/sprites/master/sprites/pokemon/versions/generation-viii/icons/30.png
nidoqueen,poison,ground,90,92,87,75,85,76,https://raw.githubusercontent.com/PokeAPI/sprites/master/sprites/pokemon/versions/generation-viii/icons/31.png
nidoran-m,poison,,46,57,40,40,40,50,https://raw.githubusercontent.com/PokeAPI/sprites/master/sprites/pokemon/versions/generation-viii/icons/32.png
nidorino,poison,,61,72,57,55,55,65,https://raw.githubusercontent.com/PokeAPI/sprites/master/sprites/pokemon/versions/generation-viii/icons/33.png
nidoking,poison,ground,81,102,77,85,75,85,https://raw.githubusercontent.com/PokeAPI/sprites/master/sprites/pokemon/versions/generation-viii/icons/34.png
clefairy,fairy,,70,45,48,60,65,35,https://raw.githubusercontent.com/PokeAPI/sprites/master/sprites/pokemon/versions/generation-viii/icons/35.png
clefable,fairy,,95,70,73,95,90,60,https://raw.githubusercontent.com/PokeAPI/sprites/master/sprites/pokemon/versions/generation-viii/icons/36.png
vulpix,fire,,38,41,40,50,65,65,https://raw.githubusercontent.com/PokeAPI/sprites/master/sprites/pokemon/versions/generation-viii/icons/37.png
ninetales,fire,,73,76,75,81,100,100,https://raw.githubusercontent.com/PokeAPI/sprites/master/sprites/pokemon/versions/generation-viii/icons/38.png
jigglypuff,normal,fairy,115,45,20,45,25,20,https://raw.githubusercontent.com/PokeAPI/sprites/master/sprites/pokemon/versions/generation-viii/icons/39.png
wigglytuff,normal,fairy,140,70,45,85,50,45,https://raw.githubusercontent.com/PokeAPI/sprites/master/sprites/pokemon/versions/generation-viii/icons/40.png
zubat,poison,flying,40,45,35,30,40,55,https://raw.githubusercontent.com/PokeAPI/sprites/master/sprites/pokemon/versions/generation-viii/icons/41.png
golbat,poison,flying,75,80,70,65,75,90,https://raw.githubusercontent.com/PokeAPI/sprites/master/sprites/pokemon/versions/generation-viii/icons/42.png
oddish,grass,poison,45,50,55,75,65,30,https://raw.githubusercontent.com/PokeAPI/sprites/master/sprites/pokemon/versions/generation-viii/icons/43.png
gloom,grass,poison,60,65,70,85,75,40,https://raw.githubusercontent.com/PokeAPI/sprites/master/sprites/pokemon/versions/generation-viii/icons/44.png
vileplume,grass,poison,75,80,85,110,90,50,https://raw.githubusercontent.com/PokeAPI/sprites/master/sprites/pokemon/versions/generation-viii/icons/45.png
paras,bug,grass,35,70,55,45,55,25,https://raw.githubusercontent.com/PokeAPI/sprites/master/sprites/pokemon/versions/generation-viii/icons/46.png
parasect,bug,grass,60,95,80,60,80,30,https://raw.githubusercontent.com/PokeAPI/sprites/master/sprites/pokemon/versions/generation-viii/icons/47.png
venonat,bug,poison,60,55,50,40,55,45,https://raw.githubusercontent.com/PokeAPI/sprites/master/sprites/pokemon/versions/generation-viii/icons/48.png
venomoth,bug,poison,70,65,60,90,75,90,https://raw.githubusercontent.com/PokeAPI/sprites/master/sprites/pokemon/versions/generation-viii/icons/49.png
diglett,ground,,10,55,25,35,45,95,https://raw.githubusercontent.com/PokeAPI/sprites/master/sprites/pokemon/versions/generation-viii/icons/50.png
dugtrio,ground,,35,100,50,50,70,120,https://raw.githubusercontent.com/PokeAPI/sprites/master/sprites/pokemon/versions/generation-viii/icons/51.png
meowth,normal,,40,45,35,40,40,90,https://raw.githubusercontent.com/PokeAPI/sprites/master/sprites/pokemon/versions/generation-viii/icons/52.png
persian,normal,,65,70,60,65,65,115,https://raw.githubusercontent.com/PokeAPI/sprites/master/sprites/pokemon/versions/generation-viii/icons/53.png
psyduck,water,,50,52,48,65,50,55,https://raw.githubusercontent.com/PokeAPI/sprites/master/sprites/pokemon/versions/generation-viii/icons/54.png
golduck,water,,80,82,78,95,80,85,https://raw.githubusercontent.com/PokeAPI/sprites/master/sprites/pokemon/versions/generation-viii/icons/55.png
mankey,fighting,,40,80,35,35,45,70,https://raw.githubusercontent.com/PokeAPI/sprites/master/sprites/pokemon/versions/generation-viii/icons/56.png
primeape,fighting,,65,105,60,60,70,95,https://raw.githubusercontent.com/PokeAPI/sprites/master/sprites/pokemon/versions/generation-viii/icons/57.png
growlithe,fire,,55,70,45,70,50,60,https://raw.githubusercontent.com/PokeAPI/sprites/master/sprites/pokemon/versions/generation-viii/icons/58.png
arcanine,fire,,90,110,80,100,80,95,https://raw.githubusercontent.com/PokeAPI/sprites/master/sprites/pokemon/versions/generation-viii/icons/59.png
poliwag,water,,40,50,40,40,40,90,https://raw.githubusercontent.com/PokeAPI/sprites/master/sprites/pokemon/versions/generation-viii/icons/60.png
poliwhirl,water,,65,65,65,50,50,90,https://raw.githubusercontent.com/PokeAPI/sprites/master/sprites/pokemon/versions/generation-viii/icons/61.png
poliwrath,water,fighting,90,95,95,70,90,70,https://raw.githubusercontent.com/PokeAPI/sprites/master/sprites/pokemon/versions/generation-viii/icons/62.png
abra,psychic,,25,20,15,105,55,90,https://raw.githubusercontent.com/PokeAPI/sprites/master/sprites/pokemon/versions/generation-viii/icons/63.png
kadabra,psychic,,40,35,30,120,70,105,https://raw.githubusercontent.com/PokeAPI/sprites/master/sprites/pokemon/versions/generation-viii/icons/64.png
alakazam,psychic,,55,50,45,135,95,120,https://raw.githubusercontent.com/PokeAPI/sprites/master/sprites/pokemon/versions/generation-viii/icons/65.png
machop,fighting,,70,80,50,35,35,35,https://raw.githubusercontent.com/PokeAPI/sprites/master/sprites/pokemon/versions/generation-viii/icons/66.png
machoke,fighting,,80,100,70,50,60,45,https://raw.githubusercontent.com/PokeAPI/sprites/master/sprites/pokemon/versions/generation-viii/icons/67.png
machamp,fighting,,90,130,80,65,85,55,https://raw.githubusercontent.com/PokeAPI/sprites/master/sprites/pokemon/versions/generation-viii/icons/68.png
bellsprout,grass,poison,50,75,35,70,30,40,https://raw.githubusercontent.com/PokeAPI/sprites/master/sprites/pokemon/versions/generation-viii/icons/69.png
weepinbell,grass,poison,65,90,50,85,45,55,https://raw.githubusercontent.com/PokeAPI/sprites/master/sprites/pokemon/versions/generation-viii/icons/70.png
victreebel,grass,poison,80,105,65,100,70,70,https://raw.githubusercontent.com/PokeAPI/sprites/master/sprites/pokemon/versions/generation-viii/icons/71.png
tentacool,water,poison,40,40,35,50,100,70,https://raw.githubusercontent.com/PokeAPI/sprites/master/sprites/pokemon/versions/generation-viii/icons/72.png
tentacruel,water,poison,80,70,65,80,120,100,https://raw.githubusercontent.com/PokeAPI/sprites/master/sprites/pokemon/versions/generation-viii/icons/73.png
geodude,rock,ground,40,80,100,30,30,20,https://raw.githubusercontent.com/PokeAPI/sprites/master/sprites/pokemon/versions/generation-viii/icons/74.png
graveler,rock,ground,55,95,115,45,45,35,https://raw.githubusercontent.com/PokeAPI/sprites/master/sprites/pokemon/versions/generation-viii/icons/75.png
golem,rock,ground,80,120,130,55,65,45,https://raw.githubusercontent.com/PokeAPI/sprites/master/sprites/pokemon/versions/generation-viii/icons/76.png
ponyta,fire,,50,85,55,65,65,90,https://raw.githubusercontent.com/PokeAPI/sprites/master/sprites/pokemon/versions/generation-viii/icons/77.png
rapidash,fire,,65,100,70,80,80,105,https://raw.githubusercontent.com/PokeAPI/sprites/master/sprites/pokemon/versions/generation-viii/icons/78.png
slowpoke,water,psychic,90,65,65,40,40,15,https://raw.githubusercontent.com/PokeAPI/sprites/master/sprites/pokemon/versions/generation-viii/icons/79.png
slowbro,water,psychic,95,75,110,100,80,30,https://raw.githubusercontent.com/PokeAPI/sprites/master/sprites/pokemon/versions/generation-viii/icons/80.png
magnemite,electric,steel,25,35,70,95,55,45,https://raw.githubusercontent.com/PokeAPI/sprites/master/sprites/pokemon/versions/generation-viii/icons/81.png
magneton,electric,steel,50,60,95,120,70,70,https://raw.githubusercontent.com/PokeAPI/sprites/master/sprites/pokemon/versions/generation-viii/icons/82.png
farfetchd,normal,flying,52,90,55,58,62,60,https://raw.githubusercontent.com/PokeAPI/sprites/master/sprites/pokemon/versions/generation-viii/icons/83.png
doduo,normal,flying,35,85,45,35,35,75,https://raw.githubusercontent.com/PokeAPI/sprites/master/sprites/pokemon/versions/generation-viii/icons/84.png
dodrio,normal,flying,60,110,70,60,60,110,https://raw.githubusercontent.com/PokeAPI/sprites/master/sprites/pokemon/versions/generation-viii/icons/85.png
seel,water,,65,45,55,45,70,45,https://raw.githubusercontent.com/PokeAPI/sprites/master/sprites/pokemon/versions/generation-viii/icons/86.png
dewgong,water,ice,90,70,80,70,95,70,https://raw.githubusercontent.com/PokeAPI/sprites/master/sprites/pokemon/versions/generation-viii/icons/87.png
grimer,poison,,80,80,50,40,50,25,https://raw.githubusercontent.com/PokeAPI/sprites/master/sprites/pokemon/versions/generation-viii/icons/88.png
muk,poison,,105,105,75,65,100,50,https://raw.githubusercontent.com/PokeAPI/sprites/master/sprites/pokemon/versions/generation-viii/icons/89.png
shellder,water,,30,65,100,45,25,40,https://raw.githubusercontent.com/PokeAPI/sprites/master/sprites/pokemon/versions/generation-viii/icons/90.png
cloyster,water,ice,50,95,180,85,45,70,https://raw.githubusercontent.com/PokeAPI/sprites/master/sprites/pokemon/versions/generation-viii/icons/91.png
gastly,ghost,poison,30,35,30,100,35,80,https://raw.githubusercontent.com/PokeAPI/sprites/master/sprites/pokemon/versions/generation-viii/icons/92.png
haunter,ghost,poison,45,50,45,115,55,95,https://raw.githubusercontent.com/PokeAPI/sprites/master/sprites/pokemon/versions/generation-viii/icons/93.png
gengar,ghost,poison,60,65,60,130,75,110,https://raw.githubusercontent.com/PokeAPI/sprites/master/sprites/pokemon/versions/generation-viii/icons/94.png
onix,rock,ground,35,45,160,30,45,70,https://raw.githubusercontent.com/PokeAPI/sprites/master/sprites/pokemon/versions/generation-viii/icons/95.png
drowzee,psychic,,60,48,45,43,90,42,https://raw.githubusercontent.com/PokeAPI/sprites/master/sprites/pokemon/versions/generation-viii/icons/96.png
hypno,psychic,,85,73,70,73,115,67,https://raw.githubusercontent.com/PokeAPI/sprites/master/sprites/pokemon/versions/generation-viii/icons/97.png
krabby,water,,30,105,90,25,25,50,https://raw.githubusercontent.com/PokeAPI/sprites/master/sprites/pokemon/versions/generation-viii/icons/98.png
kingler,water,,55,130,115,50,50,75,https://raw.githubusercontent.com/PokeAPI/sprites/master/sprites/pokemon/versions/generation-viii/icons/99.png
voltorb,electric,,40,30,50,55,55,100,https://raw.githubusercontent.com/PokeAPI/sprites/master/sprites/pokemon/versions/generation-viii/icons/100.png
electrode,electric,,60,50,70,80,80,150,https://raw.githubusercontent.com/PokeAPI/sprites/master/sprites/pokemon/versions/generation-viii/icons/101.png
exeggcute,grass,psychic,60,40,80,60,45,40,https://raw.githubusercontent.com/PokeAPI/sprites/master/sprites/pokemon/versions/generation-viii/icons/102.png
exeggutor,grass,psychic,95,95,85,125,75,55,https://raw.githubusercontent.com/PokeAPI/sprites/master/sprites/pokemon/versions/generation-viii/icons/103.png
cubone,ground,,50,50,95,40,50,35,https://raw.githubusercontent.com/PokeAPI/sprites/master/sprites/pokemon/versions/generation-viii/icons/104.png
marowak,ground,,60,80,110,50,80,45,https://raw.githubusercontent.com/PokeAPI/sprites/master/sprites/pokemon/versions/generation-viii/icons/105.png
hitmonlee,fighting,,50,120,53,35,110,87,https://raw.githubusercontent.com/PokeAPI/sprites/master/sprites/pokemon/versions/generation-viii/icons/106.png
hitmonchan,fighting,,50,105,79,35,110,76,https://raw.githubusercontent.com/PokeAPI/sprites/master/sprites/pokemon/versions/generation-viii/icons/107.png
lickitung,normal,,90,55,75,60,75,30,https://raw.githubusercontent.com/PokeAPI/sprites/master/sprites/pokemon/versions/generation-viii/icons/108.png
koffing,poison,,40,65,95,60,45,35,https://raw.githubusercontent.com/PokeAPI/sprites/master/sprites/pokemon/versions/generation-viii/icons/109.png
weezing,poison,,65,90,120,85,70,60,https://raw.githubusercontent.com/PokeAPI/sprites/master/sprites/pokemon/versions/generation-viii/icons/110.png
rhyhorn,ground,rock,80,85,95,30,30,25,https://raw.githubusercontent.com/PokeAPI/sprites/master/sprites/pokemon/versions/generation-viii/icons/111.png
rhydon,ground,rock,105,130,120,45,45,40,https://raw.githubusercontent.com/PokeAPI/sprites/master/sprites/pokemon/versions/generation-viii/icons/112.png
chansey,normal,,250,5,5,35,105,50,https://raw.githubusercontent.com/PokeAPI/sprites/master/sprites/pokemon/versions/generation-viii/icons/113.png
tangela,grass,,65,55,115,100,40,60,https://raw.githubusercontent.com/PokeAPI/sprites/master/sprites/pokemon/versions/generation-viii/icons/114.png
kangaskhan,normal,,105,95,80,40,80,90,https://raw.githubusercontent.com/PokeAPI/sprites/master/sprites/pokemon/versions/generation-viii/icons/115.png
horsea,water,,30,40,70,70,25,60,https://raw.githubusercontent.com/PokeAPI/sprites/master/sprites/pokemon/versions/generation-viii/icons/116.png
seadra,water,,55,65,95,95,45,85,https://raw.githubusercontent.com/PokeAPI/sprites/master/sprites/pokemon/versions/generation-viii/icons/117.png
goldeen,water,,45,67,60,35,50,63,https://raw.githubusercontent.com/PokeAPI/sprites/master/sprites/pokemon/versions/generation-viii/icons/118.png
seaking,water,,80,92,65,65,80,68,https://raw.githubusercontent.com/PokeAPI/sprites/master/sprites/pokemon/versions/generation-viii/icons/119.png
staryu,water,,30,45,55,70,55,85,https://raw.githubusercontent.com/PokeAPI/sprites/master/sprites/pokemon/versions/generation-viii/icons/120.png
starmie,water,psychic,60,75,85,100,85,115,https://raw.githubusercontent.com/PokeAPI/sprites/master/sprites/pokemon/versions/generation-viii/icons/121.png
mr-mime,psychic,fairy,40,45,65,100,120,90,https://raw.githubusercontent.com/PokeAPI/sprites/master/sprites/pokemon/versions/generation-viii/icons/122.png
scyther,bug,flying,70,110,80,55,80,105,https://raw.githubusercontent.com/PokeAPI/sprites/master/sprites/pokemon/versions/generation-viii/icons/123.png
jynx,ice,psychic,65,50,35,115,95,95,https://raw.githubusercontent.com/PokeAPI/sprites/master/sprites/pokemon/versions/generation-viii/icons/124.png
electabuzz,electric,,65,83,57,95,85,105,https://raw.githubusercontent.com/PokeAPI/sprites/master/sprites/pokemon/versions/generation-viii/icons/125.png
magmar,fire,,65,95,57,100,85,93,https://raw.githubusercontent.com/PokeAPI/sprites/master/sprites/pokemon/versions/generation-viii/icons/126.png
pinsir,bug,,65,125,100,55,70,85,https://raw.githubusercontent.com/PokeAPI/sprites/master/sprites/pokemon/versions/generation-viii/icons/127.png
tauros,normal,,75,100,95,40,70,110,https://raw.githubusercontent.com/PokeAPI/sprites/master/sprites/pokemon/versions/generation-viii/icons/128.png
magikarp,water,,20,10,55,15,20,80,https://raw.githubusercontent.com/PokeAPI/sprites/master/sprites/pokemon/versions/generation-viii/icons/129.png
gyarados,water,flying,95,125,79,60,100,81,https://raw.githubusercontent.com/PokeAPI/sprites/master/sprites/pokemon/versions/generation-viii/icons/130.png
lapras,water,ice,130,85,80,85,95,60,https://raw.githubusercontent.com/PokeAPI/sprites/master/sprites/pokemon/versions/generation-viii/icons/131.png
ditto,normal,,48,48,48,48,48,48,https://raw.githubusercontent.com/PokeAPI/sprites/master/sprites/pokemon/versions/generation-viii/icons/132.png
eevee,normal,,55,55,50,45,65,55,https://raw.githubusercontent.com/PokeAPI/sprites/master/sprites/pokemon/versions/generation-viii/icons/133.png
vaporeon,water,,130,65,60,110,95,65,https://raw.githubusercontent.com/PokeAPI/sprites/master/sprites/pokemon/versions/generation-viii/icons/134.png
jolteon,electric,,65,65,60,110,95,130,https://raw.githubusercontent.com/PokeAPI/sprites/master/sprites/pokemon/versions/generation-viii/icons/135.png
flareon,fire,,65,130,60,95,110,65,https://raw.githubusercontent.com/PokeAPI/sprites/master/sprites/pokemon/versions/generation-viii/icons/136.png
porygon,normal,,65,60,70,85,75,40,https://raw.githubusercontent.com/PokeAPI/sprites/master/sprites/pokemon/versions/generation-viii/icons/137.png
omanyte,rock,water,35,40,100,90,55,35,https://raw.githubusercontent.com/PokeAPI/sprites/master/sprites/pokemon/versions/generation-viii/icons/138.png
omastar,rock,water,70,60,125,115,70,55,https://raw.githubusercontent.com/PokeAPI/sprites/master/sprites/pokemon/versions/generation-viii/icons/139.png
kabuto,rock,water,30,80,90,55,45,55,https://raw.githubusercontent.com/PokeAPI/sprites/master/sprites/pokemon/versions/generation-viii/icons/140.png
kabutops,rock,water,60,115,105,65,70,80,https://raw.githubusercontent.com/PokeAPI/sprites/master/sprites/pokemon/versions/generation-viii/icons/141.png
aerodactyl,rock,flying,80,105,65,60,75,130,https://raw.githubusercontent.com/PokeAPI/sprites/master/sprites/pokemon/versions/generation-viii/icons/142.png
snorlax,normal,,160,110,65,65,110,30,https://raw.githubusercontent.com/PokeAPI/sprites/master/sprites/pokemon/versions/generation-viii/icons/143.png
articuno,ice,flying,90,85,100,95,125,85,https://raw.githubusercontent.com/PokeAPI/sprites/master/sprites/pokemon/versions/generation-viii/icons/144.png
zapdos,electric,flying,90,90,85,125,90,100,https://raw.githubusercontent.com/PokeAPI/sprites/master/sprites/pokemon/versions/generation-viii/icons/145.png
moltres,fire,flying,90,100,90,125,85,90,https://raw.githubusercontent.com/PokeAPI/sprites/master/sprites/pokemon/versions/generation-viii/icons/146.png
dratini,dragon,,41,64,45,50,50,50,https://raw.githubusercontent.com/PokeAPI/sprites/master/sprites/pokemon/versions/generation-viii/icons/147.png
dragonair,dragon,,61,84,65,70,70,70,https://raw.githubusercontent.com/PokeAPI/sprites/master/sprites/pokemon/versions/generation-viii/icons/148.png
dragonite,dragon,flying,91,134,95,100,100,80,https://raw.githubusercontent.com/PokeAPI/sprites/master/sprites/pokemon/versions/generation-viii/icons/149.png
mewtwo,psychic,,106,110,90,154,90,130,https://raw.githubusercontent.com/PokeAPI/sprites/master/sprites/pokemon/versions/generation-viii/icons/150.png
mew,psychic,,100,100,100,100,100,100,https://raw.githubusercontent.com/PokeAPI/sprites/master/sprites/pokemon/versions/generation-viii/icons/151.png
chikorita,grass,,45,49,65,49,65,45,https://raw.githubusercontent.com/PokeAPI/sprites/master/sprites/pokemon/versions/generation-viii/icons/152.png
bayleef,grass,,60,62,80,63,80,60,https://raw.githubusercontent.com/PokeAPI/sprites/master/sprites/pokemon/versions/generation-viii/icons/153.png
meganium,grass,,80,82,100,83,100,80,https://raw.githubusercontent.com/PokeAPI/sprites/master/sprites/pokemon/versions/generation-viii/icons/154.png
cyndaquil,fire,,39,52,43,60,50,65,https://raw.githubusercontent.com/PokeAPI/sprites/master/sprites/pokemon/versions/generation-viii/icons/155.png
quilava,fire,,58,64,58,80,65,80,https://raw.githubusercontent.com/PokeAPI/sprites/master/sprites/pokemon/versions/generation-viii/icons/156.png
typhlosion,fire,,78,84,78,109,85,100,https://raw.githubusercontent.com/PokeAPI/sprites/master/sprites/pokemon/versions/generation-viii/icons/157.png
totodile,water,,50,65,64,44,48,43,https://raw.githubusercontent.com/PokeAPI/sprites/master/sprites/pokemon/versions/generation-viii/icons/158.png
croconaw,water,,65,80,80,59,63,58,https://raw.githubusercontent.com/PokeAPI/sprites/master/sprites/pokemon/versions/generation-viii/icons/159.png
feraligatr,water,,85,105,100,79,83,78,https://raw.githubusercontent.com/PokeAPI/sprites/master/sprites/pokemon/versions/generation-viii/icons/160.png
sentret,normal,,35,46,34,35,45,20,https://raw.githubusercontent.com/PokeAPI/sprites/master/sprites/pokemon/versions/generation-viii/icons/161.png
furret,normal,,85,76,64,45,55,90,https://raw.githubusercontent.com/PokeAPI/sprites/master/sprites/pokemon/versions/generation-viii/icons/162.png
hoothoot,normal,flying,60,30,30,36,56,50,https://raw.githubusercontent.com/PokeAPI/sprites/master/sprites/pokemon/versions/generation-viii/icons/163.png
noctowl,normal,flying,100,50,50,86,96,70,https://raw.githubusercontent.com/PokeAPI/sprites/master/sprites/pokemon/versions/generation-viii/icons/164.png
ledyba,bug,flying,40,20,30,40,80,55,https://raw.githubusercontent.com/PokeAPI/sprites/master/sprites/pokemon/versions/generation-viii/icons/165.png
ledian,bug,flying,55,35,50,55,110,85,https://raw.githubusercontent.com/PokeAPI/sprites/master/sprites/pokemon/versions/generation-viii/icons/166.png
spinarak,bug,poison,40,60,40,40,40,30,https://raw.githubusercontent.com/PokeAPI/sprites/master/sprites/pokemon/versions/generation-viii/icons/167.png
ariados,bug,poison,70,90,70,60,70,40,https://raw.githubusercontent.com/PokeAPI/sprites/master/sprites/pokemon/versions/generation-viii/icons/168.png
crobat,poison,flying,85,90,80,70,80,130,https://raw.githubusercontent.com/PokeAPI/sprites/master/sprites/pokemon/versions/generation-viii/icons/169.png
chinchou,water,electric,75,38,38,56,56,67,https://raw.githubusercontent.com/PokeAPI/sprites/master/sprites/pokemon/versions/generation-viii/icons/170.png
lanturn,water,electric,125,58,58,76,76,67,https://raw.githubusercontent.com/PokeAPI/sprites/master/sprites/pokemon/versions/generation-viii/icons/171.png
pichu,electric,,20,40,15,35,35,60,https://raw.githubusercontent.com/PokeAPI/sprites/master/sprites/pokemon/versions/generation-viii/icons/172.png
cleffa,fairy,,50,25,28,45,55,15,https://raw.githubusercontent.com/PokeAPI/sprites/master/sprites/pokemon/versions/generation-viii/icons/173.png
igglybuff,normal,fairy,90,30,15,40,20,15,https://raw.githubusercontent.com/PokeAPI/sprites/master/sprites/pokemon/versions/generation-viii/icons/174.png
togepi,fairy,,35,20,65,40,65,20,https://raw.githubusercontent.com/PokeAPI/sprites/master/sprites/pokemon/versions/generation-viii/icons/175.png
togetic,fairy,flying,55,40,85,80,105,40,https://raw.githubusercontent.com/PokeAPI/sprites/master/sprites/pokemon/versions/generation-viii/icons/176.png
natu,psychic,flying,40,50,45,70,45,70,https://raw.githubusercontent.com/PokeAPI/sprites/master/sprites/pokemon/versions/generation-viii/icons/177.png
xatu,psychic,flying,65,75,70,95,70,95,https://raw.githubusercontent.com/PokeAPI/sprites/master/sprites/pokemon/versions/generation-viii/icons/178.png
mareep,electric,,55,40,40,65,45,35,https://raw.githubusercontent.com/PokeAPI/sprites/master/sprites/pokemon/versions/generation-viii/icons/179.png
flaaffy,electric,,70,55,55,80,60,45,https://raw.githubusercontent.com/PokeAPI/sprites/master/sprites/pokemon/versions/generation-viii/icons/180.png
ampharos,electric,,90,75,85,115,90,55,https://raw.githubusercontent.com/PokeAPI/sprites/master/sprites/pokemon/versions/generation-viii/icons/181.png
bellossom,grass,,75,80,95,90,100,50,https://raw.githubusercontent.com/PokeAPI/sprites/master/sprites/pokemon/versions/generation-viii/icons/182.png
marill,water,fairy,70,20,50,20,50,40,https://raw.githubusercontent.com/PokeAPI/sprites/master/sprites/pokemon/versions/generation-viii/icons/183.png
azumarill,water,fairy,100,50,80,60,80,50,https://raw.githubusercontent.com/PokeAPI/sprites/master/sprites/pokemon/versions/generation-viii/icons/184.png
sudowoodo,rock,,70,100,115,30,65,30,https://raw.githubusercontent.com/PokeAPI/sprites/master/sprites/pokemon/versions/generation-viii/icons/185.png
politoed,water,,90,75,75,90,100,70,https://raw.githubusercontent.com/PokeAPI/sprites/master/sprites/pokemon/versions/generation-viii/icons/186.png
hoppip,grass,flying,35,35,40,35,55,50,https://raw.githubusercontent.com/PokeAPI/sprites/master/sprites/pokemon/versions/generation-viii/icons/187.png
skiploom,grass,flying,55,45,50,45,65,80,https://raw.githubusercontent.com/PokeAPI/sprites/master/sprites/pokemon/versions/generation-viii/icons/188.png
jumpluff,grass,flying,75,55,70,55,95,110,https://raw.githubusercontent.com/PokeAPI/sprites/master/sprites/pokemon/versions/generation-viii/icons/189.png
aipom,normal,,55,70,55,40,55,85,https://raw.githubusercontent.com/PokeAPI/sprites/master/sprites/pokemon/versions/generation-viii/icons/190.png
sunkern,grass,,30,30,30,30,30,30,https://raw.githubusercontent.com/PokeAPI/sprites/master/sprites/pokemon/versions/generation-viii/icons/191.png
sunflora,grass,,75,75,55,105,85,30,https://raw.githubusercontent.com/PokeAPI/sprites/master/sprites/pokemon/versions/generation-viii/icons/192.png
yanma,bug,flying,65,65,45,75,45,95,https://raw.githubusercontent.com/PokeAPI/sprites/master/sprites/pokemon/versions/generation-viii/icons/193.png
wooper,water,ground,55,45,45,25,25,15,https://raw.githubusercontent.com/PokeAPI/sprites/master/sprites/pokemon/versions/generation-viii/icons/194.png
quagsire,water,ground,95,85,85,65,65,35,https://raw.githubusercontent.com/PokeAPI/sprites/master/sprites/pokemon/versions/generation-viii/icons/195.png
espeon,psychic,,65,65,60,130,95,110,https://raw.githubusercontent.com/PokeAPI/sprites/master/sprites/pokemon/versions/generation-viii/icons/196.png
umbreon,dark,,95,65,110,60,130,65,https://raw.githubusercontent.com/PokeAPI/sprites/master/sprites/pokemon/versions/generation-viii/icons/197.png
murkrow,dark,flying,60,85,42,85,42,91,https://raw.githubusercontent.com/PokeAPI/sprites/master/sprites/pokemon/versions/generation-viii/icons/198.png
slowking,water,psychic,95,75,80,100,110,30,https://raw.githubusercontent.com/PokeAPI/sprites/master/sprites/pokemon/versions/generation-viii/icons/199.png
misdreavus,ghost,,60,60,60,85,85,85,https://raw.githubusercontent.com/PokeAPI/sprites/master/sprites/pokemon/versions/generation-viii/icons/200.png
unown,psychic,,48,72,48,72,48,48,https://raw.githubusercontent.com/PokeAPI/sprites/master/sprites/pokemon/versions/generation-viii/icons/201.png
wobbuffet,psychic,,190,33,58,33,58,33,https://raw.githubusercontent.com/PokeAPI/sprites/master/sprites/pokemon/versions/generation-viii/icons/202.png
girafarig,normal,psychic,70,80,65,90,65,85,https://raw.githubusercontent.com/PokeAPI/sprites/master/sprites/pokemon/versions/generation-viii/icons/203.png
pineco,bug,,50,65,90,35,35,15,https://raw.githubusercontent.com/PokeAPI/sprites/master/sprites/pokemon/versions/generation-viii/icons/204.png
forretress,bug,steel,75,90,140,60,60,40,https://raw.githubusercontent.com/PokeAPI/sprites/master/sprites/pokemon/versions/generation-viii/icons/205.png
dunsparce,normal,,100,70,70,65,65,45,https://raw.githubusercontent.com/PokeAPI/sprites/master/sprites/pokemon/versions/generation-viii/icons/206.png
gligar,ground,flying,65,75,105,35,65,85,https://raw.githubusercontent.com/PokeAPI/sprites/master/sprites/pokemon/versions/generation-viii/icons/207.png
steelix,steel,ground,75,85,200,55,65,30,https://raw.githubusercontent.com/PokeAPI/sprites/master/sprites/pokemon/versions/generation-viii/icons/208.png
snubbull,fairy,,60,80,50,40,40,30,https://raw.githubusercontent.com/PokeAPI/sprites/master/sprites/pokemon/versions/generation-viii/icons/209.png
granbull,fairy,,90,120,75,60,60,45,https://raw.githubusercontent.com/PokeAPI/sprites/master/sprites/pokemon/versions/generation-viii/icons/210.png
qwilfish,water,poison,65,95,85,55,55,85,https://raw.githubusercontent.com/PokeAPI/sprites/master/sprites/pokemon/versions/generation-viii/icons/211.png
scizor,bug,steel,70,130,100,55,80,65,https://raw.githubusercontent.com/PokeAPI/sprites/master/sprites/pokemon/versions/generation-viii/icons/212.png
shuckle,bug,rock,20,10,230,10,230,5,https://raw.githubusercontent.com/PokeAPI/sprites/master/sprites/pokemon/versions/generation-viii/icons/213.png
heracross,bug,fighting,80,125,75,40,95,85,https://raw.githubusercontent.com/PokeAPI/sprites/master/sprites/pokemon/versions/generation-viii/icons/214.png
sneasel,dark,ice,55,95,55,35,75,115,https://raw.githubusercontent.com/PokeAPI/sprites/master/sprites/pokemon/versions/generation-viii/icons/215.png
teddiursa,normal,,60,80,50,50,50,40,https://raw.githubusercontent.com/PokeAPI/sprites/master/sprites/pokemon/versions/generation-viii/icons/216.png
ursaring,normal,,90,130,75,75,75,55,https://raw.githubusercontent.com/PokeAPI/sprites/master/sprites/pokemon/versions/generation-viii/icons/217.png
slugma,fire,,40,40,40,70,40,20,https://raw.githubusercontent.com/PokeAPI/sprites/master/sprites/pokemon/versions/generation-viii/icons/218.png
magcargo,fire,rock,60,50,120,90,80,30,https://raw.githubusercontent.com/PokeAPI/sprites/master/sprites/pokemon/versions/generation-viii/icons/219.png
swinub,ice,ground,50,50,40,30,30,50,https://raw.githubusercontent.com/PokeAPI/sprites/master/sprites/pokemon/versions/generation-viii/icons/220.png
piloswine,ice,ground,100,100,80,60,60,50,https://raw.githubusercontent.com/PokeAPI/sprites/master/sprites/pokemon/versions/generation-viii/icons/221.png
corsola,water,rock,65,55,95,65,95,35,https://raw.githubusercontent.com/PokeAPI/sprites/master/sprites/pokemon/versions/generation-viii/icons/222.png
remoraid,water,,35,65,35,65,35,65,https://raw.githubusercontent.com/PokeAPI/sprites/master/sprites/pokemon/versions/generation-viii/icons/223.png
octillery,water,,75,105,75,105,75,45,https://raw.githubusercontent.com/PokeAPI/sprites/master/sprites/pokemon/versions/generation-viii/icons/224.png
delibird,ice,flying,45,55,45,65,45,75,https://raw.githubusercontent.com/PokeAPI/sprites/master/sprites/pokemon/versions/generation-viii/icons/225.png
mantine,water,flying,85,40,70,80,140,70,https://raw.githubusercontent.com/PokeAPI/sprites/master/sprites/pokemon/versions/generation-viii/icons/226.png
skarmory,steel,flying,65,80,140,40,70,70,https://raw.githubusercontent.com/PokeAPI/sprites/master/sprites/pokemon/versions/generation-viii/icons/227.png
houndour,dark,fire,45,60,30,80,50,65,https://raw.githubusercontent.com/PokeAPI/sprites/master/sprites/pokemon/versions/generation-viii/icons/228.png
houndoom,dark,fire,75,90,50,110,80,95,https://raw.githubusercontent.com/PokeAPI/sprites/master/sprites/pokemon/versions/generation-viii/icons/229.png
kingdra,water,dragon,75,95,95,95,95,85,https://raw.githubusercontent.com/PokeAPI/sprites/master/sprites/pokemon/versions/generation-viii/icons/230.png
phanpy,ground,,90,60,60,40,40,40,https://raw.githubusercontent.com/PokeAPI/sprites/master/sprites/pokemon/versions/generation-viii/icons/231.png
donphan,ground,,90,120,120,60,60,50,https://raw.githubusercontent.com/PokeAPI/sprites/master/sprites/pokemon/versions/generation-viii/icons/232.png
porygon2,normal,,85,80,90,105,95,60,https://raw.githubusercontent.com/PokeAPI/sprites/master/sprites/pokemon/versions/generation-viii/icons/233.png
stantler,normal,,73,95,62,85,65,85,https://raw.githubusercontent.com/PokeAPI/sprites/master/sprites/pokemon/versions/generation-viii/icons/234.png
smeargle,normal,,55,20,35,20,45,75,https://raw.githubusercontent.com/PokeAPI/sprites/master/sprites/pokemon/versions/generation-viii/icons/235.png
tyrogue,fighting,,35,35,35,35,35,35,https://raw.githubusercontent.com/PokeAPI/sprites/master/sprites/pokemon/versions/generation-viii/icons/236.png
hitmontop,fighting,,50,95,95,35,110,70,https://raw.githubusercontent.com/PokeAPI/sprites/master/sprites/pokemon/versions/generation-viii/icons/237.png
smoochum,ice,psychic,45,30,15,85,65,65,https://raw.githubusercontent.com/PokeAPI/sprites/master/sprites/pokemon/versions/generation-viii/icons/238.png
elekid,electric,,45,63,37,65,55,95,https://raw.githubusercontent.com/PokeAPI/sprites/master/sprites/pokemon/versions/generation-viii/icons/239.png
magby,fire,,45,75,37,70,55,83,https://raw.githubusercontent.com/PokeAPI/sprites/master/sprites/pokemon/versions/generation-viii/icons/240.png
miltank,normal,,95,80,105,40,70,100,https://raw.githubusercontent.com/PokeAPI/sprites/master/sprites/pokemon/versions/generation-viii/icons/241.png
blissey,normal,,255,10,10,75,135,55,https://raw.githubusercontent.com/PokeAPI/sprites/master/sprites/pokemon/versions/generation-viii/icons/242.png
raikou,electric,,90,85,75,115,100,115,https://raw.githubusercontent.com/PokeAPI/sprites/master/sprites/pokemon/versions/generation-viii/icons/243.png
entei,fire,,115,115,85,90,75,100,https://raw.githubusercontent.com/PokeAPI/sprites/master/sprites/pokemon/versions/generation-viii/icons/244.png
suicune,water,,100,75,115,90,115,85,https://raw.githubusercontent.com/PokeAPI/sprites/master/sprites/pokemon/versions/generation-viii/icons/245.png
larvitar,rock,ground,50,64,50,45,50,41,https://raw.githubusercontent.com/PokeAPI/sprites/master/sprites/pokemon/versions/generation-viii/icons/246.png
pupitar,rock,ground,70,84,70,65,70,51,https://raw.githubusercontent.com/PokeAPI/sprites/master/sprites/pokemon/versions/generation-viii/icons/247.png
tyranitar,rock,dark,100,134,110,95,100,61,https://raw.githubusercontent.com/PokeAPI/sprites/master/sprites/pokemon/versions/generation-viii/icons/248.png
lugia,psychic,flying,106,90,130,90,154,110,https://raw.githubusercontent.com/PokeAPI/sprites/master/sprites/pokemon/versions/generation-viii/icons/249.png
ho-oh,fire,flying,106,130,90,110,154,90,https://raw.githubusercontent.com/PokeAPI/sprites/master/sprites/pokemon/versions/generation-viii/icons/250.png
celebi,psychic,grass,100,100,100,100,100,100,https://raw.githubusercontent.com/PokeAPI/sprites/master/sprites/pokemon/versions/generation-viii/icons/251.png
treecko,grass,,40,45,35,65,55,70,https://raw.githubusercontent.com/PokeAPI/sprites/master/sprites/pokemon/versions/generation-viii/icons/252.png
grovyle,grass,,50,65,45,85,65,95,https://raw.githubusercontent.com/PokeAPI/sprites/master/sprites/pokemon/versions/generation-viii/icons/253.png
sceptile,grass,,70,85,65,105,85,120,https://raw.githubusercontent.com/PokeAPI/sprites/master/sprites/pokemon/versions/generation-viii/icons/254.png
torchic,fire,,45,60,40,70,50,45,https://raw.githubusercontent.com/PokeAPI/sprites/master/sprites/pokemon/versions/generation-viii/icons/255.png
combusken,fire,fighting,60,85,60,85,60,55,https://raw.githubusercontent.com/PokeAPI/sprites/master/sprites/pokemon/versions/generation-viii/icons/256.png
blaziken,fire,fighting,80,120,70,110,70,80,https://raw.githubusercontent.com/PokeAPI/sprites/master/sprites/pokemon/versions/generation-viii/icons/257.png
mudkip,water,,50,70,50,50,50,40,https://raw.githubusercontent.com/PokeAPI/sprites/master/sprites/pokemon/versions/generation-viii/icons/258.png
marshtomp,water,ground,70,85,70,60,70,50,https://raw.githubusercontent.com/PokeAPI/sprites/master/sprites/pokemon/versions/generation-viii/icons/259.png
swampert,water,ground,100,110,90,85,90,60,https://raw.githubusercontent.com/PokeAPI/sprites/master/sprites/pokemon/versions/generation-viii/icons/260.png
poochyena,dark,,35,55,35,30,30,35,https://raw.githubusercontent.com/PokeAPI/sprites/master/sprites/pokemon/versions/generation-viii/icons/261.png
mightyena,dark,,70,90,70,60,60,70,https://raw.githubusercontent.com/PokeAPI/sprites/master/sprites/pokemon/versions/generation-viii/icons/262.png
zigzagoon,normal,,38,30,41,30,41,60,https://raw.githubusercontent.com/PokeAPI/sprites/master/sprites/pokemon/versions/generation-viii/icons/263.png
linoone,normal,,78,70,61,50,61,100,https://raw.githubusercontent.com/PokeAPI/sprites/master/sprites/pokemon/versions/generation-viii/icons/264.png
wurmple,bug,,45,45,35,20,30,20,https://raw.githubusercontent.com/PokeAPI/sprites/master/sprites/pokemon/versions/generation-viii/icons/265.png
silcoon,bug,,50,35,55,25,25,15,https://raw.githubusercontent.com/PokeAPI/sprites/master/sprites/pokemon/versions/generation-viii/icons/266.png
beautifly,bug,flying,60,70,50,100,50,65,https://raw.githubusercontent.com/PokeAPI/sprites/master/sprites/pokemon/versions/generation-viii/icons/267.png
cascoon,bug,,50,35,55,25,25,15,https://raw.githubusercontent.com/PokeAPI/sprites/master/sprites/pokemon/versions/generation-viii/icons/268.png
dustox,bug,poison,60,50,70,50,90,65,https://raw.githubusercontent.com/PokeAPI/sprites/master/sprites/pokemon/versions/generation-viii/icons/269.png
lotad,water,grass,40,30,30,40,50,30,https://raw.githubusercontent.com/PokeAPI/sprites/master/sprites/pokemon/versions/generation-viii/icons/270.png
lombre,water,grass,60,50,50,60,70,50,https://raw.githubusercontent.com/PokeAPI/sprites/master/sprites/pokemon/versions/generation-viii/icons/271.png
ludicolo,water,grass,80,70,70,90,100,70,https://raw.githubusercontent.com/PokeAPI/sprites/master/sprites/pokemon/versions/generation-viii/icons/272.png
seedot,grass,,40,40,50,30,30,30,https://raw.githubusercontent.com/PokeAPI/sprites/master/sprites/pokemon/versions/generation-viii/icons/273.png
nuzleaf,grass,dark,70,70,40,60,40,60,https://raw.githubusercontent.com/PokeAPI/sprites/master/sprites/pokemon/versions/generation-viii/icons/274.png
shiftry,grass,dark,90,100,60,90,60,80,https://raw.githubusercontent.com/PokeAPI/sprites/master/sprites/pokemon/versions/generation-viii/icons/275.png
taillow,normal,flying,40,55,30,30,30,85,https://raw.githubusercontent.com/PokeAPI/sprites/master/sprites/pokemon/versions/generation-viii/icons/276.png
swellow,normal,flying,60,85,60,75,50,125,https://raw.githubusercontent.com/PokeAPI/sprites/master/sprites/pokemon/versions/generation-viii/icons/277.png
wingull,water,flying,40,30,30,55,30,85,https://raw.githubusercontent.com/PokeAPI/sprites/master/sprites/pokemon/versions/generation-viii/icons/278.png
pelipper,water,flying,60,50,100,95,70,65,https://raw.githubusercontent.com/PokeAPI/sprites/master/sprites/pokemon/versions/generation-viii/icons/279.png
ralts,psychic,fairy,28,25,25,45,35,40,https://raw.githubusercontent.com/PokeAPI/sprites/master/sprites/pokemon/versions/generation-viii/icons/280.png
kirlia,psychic,fairy,38,35,35,65,55,50,https://raw.githubusercontent.com/PokeAPI/sprites/master/sprites/pokemon/versions/generation-viii/icons/281.png
gardevoir,psychic,fairy,68,65,65,125,115,80,https://raw.githubusercontent.com/PokeAPI/sprites/master/sprites/pokemon/versions/generation-viii/icons/282.png
surskit,bug,water,40,30,32,50,52,65,https://raw.githubusercontent.com/PokeAPI/sprites/master/sprites/pokemon/versions/generation-viii/icons/283.png
masquerain,bug,flying,70,60,62,100,82,80,https://raw.githubusercontent.com/PokeAPI/sprites/master/sprites/pokemon/versions/generation-viii/icons/284.png
shroomish,grass,,60,40,60,40,60,35,https://raw.githubusercontent.com/PokeAPI/sprites/master/sprites/pokemon/versions/generation-viii/icons/285.png
breloom,grass,fighting,60,130,80,60,60,70,https://raw.githubusercontent.com/PokeAPI/sprites/master/sprites/pokemon/versions/generation-viii/icons/286.png
slakoth,normal,,60,60,60,35,35,30,https://raw.githubusercontent.com/PokeAPI/sprites/master/sprites/pokemon/versions/generation-viii/icons/287.png
vigoroth,normal,,80,80,80,55,55,90,https://raw.githubusercontent.com/PokeAPI/sprites/master/sprites/pokemon/versions/generation-viii/icons/288.png
slaking,normal,,150,160,100,95,65,100,https://raw.githubusercontent.com/PokeAPI/sprites/master/sprites/pokemon/versions/generation-viii/icons/289.png
nincada,bug,ground,31,45,90,30,30,40,https://raw.githubusercontent.com/PokeAPI/sprites/master/sprites/pokemon/versions/generation-viii/icons/290.png
ninjask,bug,flying,61,90,45,50,50,160,https://raw.githubusercontent.com/PokeAPI/sprites/master/sprites/pokemon/versions/generation-viii/icons/291.png
shedinja,bug,ghost,1,90,45,30,30,40,https://raw.githubusercontent.com/PokeAPI/sprites/master/sprites/pokemon/versions/generation-viii/icons/292.png
whismur,normal,,64,51,23,51,23,28,https://raw.githubusercontent.com/PokeAPI/sprites/master/sprites/pokemon/versions/generation-viii/icons/293.png
loudred,normal,,84,71,43,71,43,48,https://raw.githubusercontent.com/PokeAPI/sprites/master/sprites/pokemon/versions/generation-viii/icons/294.png
exploud,normal,,104,91,63,91,73,68,https://raw.githubusercontent.com/PokeAPI/sprites/master/sprites/pokemon/versions/generation-viii/icons/295.png
makuhita,fighting,,72,60,30,20,30,25,https://raw.githubusercontent.com/PokeAPI/sprites/master/sprites/pokemon/versions/generation-viii/icons/296.png
hariyama,fighting,,144,120,60,40,60,50,https://raw.githubusercontent.com/PokeAPI/sprites/master/sprites/pokemon/versions/generation-viii/icons/297.png
azurill,normal,fairy,50,20,40,20,40,20,https://raw.githubusercontent.com/PokeAPI/sprites/master/sprites/pokemon/versions/generation-viii/icons/298.png
nosepass,rock,,30,45,135,45,90,30,https://raw.githubusercontent.com/PokeAPI/sprites/master/sprites/pokemon/versions/generation-viii/icons/299.png
skitty,normal,,50,45,45,35,35,50,https://raw.githubusercontent.com/PokeAPI/sprites/master/sprites/pokemon/versions/generation-viii/icons/300.png
delcatty,normal,,70,65,65,55,55,90,https://raw.githubusercontent.com/PokeAPI/sprites/master/sprites/pokemon/versions/generation-viii/icons/301.png
sableye,dark,ghost,50,75,75,65,65,50,https://raw.githubusercontent.com/PokeAPI/sprites/master/sprites/pokemon/versions/generation-viii/icons/302.png
mawile,steel,fairy,50,85,85,55,55,50,https://raw.githubusercontent.com/PokeAPI/sprites/master/sprites/pokemon/versions/generation-viii/icons/303.png
aron,steel,rock,50,70,100,40,40,30,https://raw.githubusercontent.com/PokeAPI/sprites/master/sprites/pokemon/versions/generation-viii/icons/304.png
lairon,steel,rock,60,90,140,50,50,40,https://raw.githubusercontent.com/PokeAPI/sprites/master/sprites/pokemon/versions/generation-viii/icons/305.png
aggron,steel,rock,70,110,180,60,60,50,https://raw.githubusercontent.com/PokeAPI/sprites/master/sprites/pokemon/versions/generation-viii/icons/306.png
meditite,fighting,psychic,30,40,55,40,55,60,https://raw.githubusercontent.com/PokeAPI/sprites/master/sprites/pokemon/versions/generation-viii/icons/307.png
medicham,fighting,psychic,60,60,75,60,75,80,https://raw.githubusercontent.com/PokeAPI/sprites/master/sprites/pokemon/versions/generation-viii/icons/308.png
electrike,electric,,40,45,40,65,40,65,https://raw.githubusercontent.com/PokeAPI/sprites/master/sprites/pokemon/versions/generation-viii/icons/309.png
manectric,electric,,70,75,60,105,60,105,https://raw.githubusercontent.com/PokeAPI/sprites/master/sprites/pokemon/versions/generation-viii/icons/310.png
plusle,electric,,60,50,40,85,75,95,https://raw.githubusercontent.com/PokeAPI/sprites/master/sprites/pokemon/versions/generation-viii/icons/311.png
minun,electric,,60,40,50,75,85,95,https://raw.githubusercontent.com/PokeAPI/sprites/master/sprites/pokemon/versions/generation-viii/icons/312.png
volbeat,bug,,65,73,75,47,85,85,https://raw.githubusercontent.com/PokeAPI/sprites/master/sprites/pokemon/versions/generation-viii/icons/313.png
illumise,bug,,65,47,75,73,85,85,https://raw.githubusercontent.com/PokeAPI/sprites/master/sprites/pokemon/versions/generation-viii/icons/314.png
roselia,grass,poison,50,60,45,100,80,65,https://raw.githubusercontent.com/PokeAPI/sprites/master/sprites/pokemon/versions/generation-viii/icons/315.png
gulpin,poison,,70,43,53,43,53,40,https://raw.githubusercontent.com/PokeAPI/sprites/master/sprites/pokemon/versions/generation-viii/icons/316.png
swalot,poison,,100,73,83,73,83,55,https://raw.githubusercontent.com/PokeAPI/sprites/master/sprites/pokemon/versions/generation-viii/icons/317.png
carvanha,water,dark,45,90,20,65,20,65,https://raw.githubusercontent.com/PokeAPI/sprites/master/sprites/pokemon/versions/generation-viii/icons/318.png
sharpedo,water,dark,70,120,40,95,40,95,https://raw.githubusercontent.com/PokeAPI/sprites/master/sprites/pokemon/versions/generation-viii/icons/319.png
wailmer,water,,130,70,35,70,35,60,https://raw.githubusercontent.com/PokeAPI/sprites/master/sprites/pokemon/versions/generation-viii/icons/320.png
wailord,water,,170,90,45,90,45,60,https://raw.githubusercontent.com/PokeAPI/sprites/master/sprites/pokemon/versions/generation-viii/icons/321.png
numel,fire,ground,60,60,40,65,45,35,https://raw.githubusercontent.com/PokeAPI/sprites/master/sprites/pokemon/versions/generation-viii/icons/322.png
camerupt,fire,ground,70,100,70,105,75,40,https://raw.githubusercontent.com/PokeAPI/sprites/master/sprites/pokemon/versions/generation-viii/icons/323.png
torkoal,fire,,70,85,140,85,70,20,https://raw.githubusercontent.com/PokeAPI/sprites/master/sprites/pokemon/versions/generation-viii/icons/324.png
spoink,psychic,,60,25,35,70,80,60,https://raw.githubusercontent.com/PokeAPI/sprites/master/sprites/pokemon/versions/generation-viii/icons/325.png
grumpig,psychic,,80,45,65,90,110,80,https://raw.githubusercontent.com/PokeAPI/sprites/master/sprites/pokemon/versions/generation-viii/icons/326.png
spinda,normal,,60,60,60,60,60,60,https://raw.githubusercontent.com/PokeAPI/sprites/master/sprites/pokemon/versions/generation-viii/icons/327.png
trapinch,ground,,45,100,45,45,45,10,https://raw.githubusercontent.com/PokeAPI/sprites/master/sprites/pokemon/versions/generation-viii/icons/328.png
vibrava,ground,dragon,50,70,50,50,50,70,https://raw.githubusercontent.com/PokeAPI/sprites/master/sprites/pokemon/versions/generation-viii/icons/329.png
flygon,ground,dragon,80,100,80,80,80,100,https://raw.githubusercontent.com/PokeAPI/sprites/master/sprites/pokemon/versions/generation-viii/icons/330.png
cacnea,grass,,50,85,40,85,40,35,https://raw.githubusercontent.com/PokeAPI/sprites/master/sprites/pokemon/versions/generation-viii/icons/331.png
cacturne,grass,dark,70,115,60,115,60,55,https://raw.githubusercontent.com/PokeAPI/sprites/master/sprites/pokemon/versions/generation-viii/icons/332.png
swablu,normal,flying,45,40,60,40,75,50,https://raw.githubusercontent.com/PokeAPI/sprites/master/sprites/pokemon/versions/generation-viii/icons/333.png
altaria,dragon,flying,75,70,90,70,105,80,https://raw.githubusercontent.com/PokeAPI/sprites/master/sprites/pokemon/versions/generation-viii/icons/334.png
zangoose,normal,,73,115,60,60,60,90,https://raw.githubusercontent.com/PokeAPI/sprites/master/sprites/pokemon/versions/generation-viii/icons/335.png
seviper,poison,,73,100,60,100,60,65,https://raw.githubusercontent.com/PokeAPI/sprites/master/sprites/pokemon/versions/generation-viii/icons/336.png
lunatone,rock,psychic,90,55,65,95,85,70,https://raw.githubusercontent.com/PokeAPI/sprites/master/sprites/pokemon/versions/generation-viii/icons/337.png
solrock,rock,psychic,90,95,85,55,65,70,https://raw.githubusercontent.com/PokeAPI/sprites/master/sprites/pokemon/versions/generation-viii/icons/338.png
barboach,water,ground,50,48,43,46,41,60,https://raw.githubusercontent.com/PokeAPI/sprites/master/sprites/pokemon/versions/generation-viii/icons/339.png
whiscash,water,ground,110,78,73,76,71,60,https://raw.githubusercontent.com/PokeAPI/sprites/master/sprites/pokemon/versions/generation-viii/icons/340.png
corphish,water,,43,80,65,50,35,35,https://raw.githubusercontent.com/PokeAPI/sprites/master/sprites/pokemon/versions/generation-viii/icons/341.png
crawdaunt,water,dark,63,120,85,90,55,55,https://raw.githubusercontent.com/PokeAPI/sprites/master/sprites/pokemon/versions/generation-viii/icons/342.png
baltoy,ground,psychic,40,40,55,40,70,55,https://raw.githubusercontent.com/PokeAPI/sprites/master/sprites/pokemon/versions/generation-viii/icons/343.png
claydol,ground,psychic,60,70,105,70,120,75,https://raw.githubusercontent.com/PokeAPI/sprites/master/sprites/pokemon/versions/generation-viii/icons/344.png
lileep,rock,grass,66,41,77,61,87,23,https://raw.githubusercontent.com/PokeAPI/sprites/master/sprites/pokemon/versions/generation-viii/icons/345.png
cradily,rock,grass,86,81,97,81,107,43,https://raw.githubusercontent.com/PokeAPI/sprites/master/sprites/pokemon/versions/generation-viii/icons/346.png
anorith,rock,bug,45,95,50,40,50,75,https://raw.githubusercontent.com/PokeAPI/sprites/master/sprites/pokemon/versions/generation-viii/icons/347.png
armaldo,rock,bug,75,125,100,70,80,45,https://raw.githubusercontent.com/PokeAPI/sprites/master/sprites/pokemon/versions/generation-viii/icons/348.png
feebas,water,,20,15,20,10,55,80,https://raw.githubusercontent.com/PokeAPI/sprites/master/sprites/pokemon/versions/generation-viii/icons/349.png
milotic,water,,95,60,79,100,125,81,https://raw.githubusercontent.com/PokeAPI/sprites/master/sprites/pokemon/versions/generation-viii/icons/350.png
castform,normal,,70,70,70,70,70,70,https://raw.githubusercontent.com/PokeAPI/sprites/master/sprites/pokemon/versions/generation-viii/icons/351.png
kecleon,normal,,60,90,70,60,120,40,https://raw.githubusercontent.com/PokeAPI/sprites/master/sprites/pokemon/versions/generation-viii/icons/352.png
shuppet,ghost,,44,75,35,63,33,45,https://raw.githubusercontent.com/PokeAPI/sprites/master/sprites/pokemon/versions/generation-viii/icons/353.png
banette,ghost,,64,115,65,83,63,65,https://raw.githubusercontent.com/PokeAPI/sprites/master/sprites/pokemon/versions/generation-viii/icons/354.png
duskull,ghost,,20,40,90,30,90,25,https://raw.githubusercontent.com/PokeAPI/sprites/master/sprites/pokemon/versions/generation-viii/icons/355.png
dusclops,ghost,,40,70,130,60,130,25,https://raw.githubusercontent.com/PokeAPI/sprites/master/sprites/pokemon/versions/generation-viii/icons/356.png
tropius,grass,flying,99,68,83,72,87,51,https://raw.githubusercontent.com/PokeAPI/sprites/master/sprites/pokemon/versions/generation-viii/icons/357.png
chimecho,psychic,,75,50,80,95,90,65,https://raw.githubusercontent.com/PokeAPI/sprites/master/sprites/pokemon/versions/generation-viii/icons/358.png
absol,dark,,65,130,60,75,60,75,https://raw.githubusercontent.com/PokeAPI/sprites/master/sprites/pokemon/versions/generation-viii/icons/359.png
wynaut,psychic,,95,23,48,23,48,23,https://raw.githubusercontent.com/PokeAPI/sprites/master/sprites/pokemon/versions/generation-viii/icons/360.png
snorunt,ice,,50,50,50,50,50,50,https://raw.githubusercontent.com/PokeAPI/sprites/master/sprites/pokemon/versions/generation-viii/icons/361.png
glalie,ice,,80,80,80,80,80,80,https://raw.githubusercontent.com/PokeAPI/sprites/master/sprites/pokemon/versions/generation-viii/icons/362.png
spheal,ice,water,70,40,50,55,50,25,https://raw.githubusercontent.com/PokeAPI/sprites/master/sprites/pokemon/versions/generation-viii/icons/363.png
sealeo,ice,water,90,60,70,75,70,45,https://raw.githubusercontent.com/PokeAPI/sprites/master/sprites/pokemon/versions/generation-viii/icons/364.png
walrein,ice,water,110,80,90,95,90,65,https://raw.githubusercontent.com/PokeAPI/sprites/master/sprites/pokemon/versions/generation-viii/icons/365.png
clamperl,water,,35,64,85,74,55,32,https://raw.githubusercontent.com/PokeAPI/sprites/master/sprites/pokemon/versions/generation-viii/icons/366.png
huntail,water,,55,104,105,94,75,52,https://raw.githubusercontent.com/PokeAPI/sprites/master/sprites/pokemon/versions/generation-viii/icons/367.png
gorebyss,water,,55,84,105,114,75,52,https://raw.githubusercontent.com/PokeAPI/sprites/master/sprites/pokemon/versions/generation-viii/icons/368.png
relicanth,water,rock,100,90,130,45,65,55,https://raw.githubusercontent.com/PokeAPI/sprites/master/sprites/pokemon/versions/generation-viii/icons/369.png
luvdisc,water,,43,30,55,40,65,97,https://raw.githubusercontent.com/PokeAPI/sprites/master/sprites/pokemon/versions/generation-viii/icons/370.png
bagon,dragon,,45,75,60,40,30,50,https://raw.githubusercontent.com/PokeAPI/sprites/master/sprites/pokemon/versions/generation-viii/icons/371.png
shelgon,dragon,,65,95,100,60,50,50,https://raw.githubusercontent.com/PokeAPI/sprites/master/sprites/pokemon/versions/generation-viii/icons/372.png
salamence,dragon,flying,95,135,80,110,80,100,https://raw.githubusercontent.com/PokeAPI/sprites/master/sprites/pokemon/versions/generation-viii/icons/373.png
beldum,steel,psychic,40,55,80,35,60,30,https://raw.githubusercontent.com/PokeAPI/sprites/master/sprites/pokemon/versions/generation-viii/icons/374.png
metang,steel,psychic,60,75,100,55,80,50,https://raw.githubusercontent.com/PokeAPI/sprites/master/sprites/pokemon/versions/generation-viii/icons/375.png
metagross,steel,psychic,80,135,130,95,90,70,https://raw.githubusercontent.com/PokeAPI/sprites/master/sprites/pokemon/versions/generation-viii/icons/376.png
regirock,rock,,80,100,200,50,100,50,https://raw.githubusercontent.com/PokeAPI/sprites/master/sprites/pokemon/versions/generation-viii/icons/377.png
regice,ice,,80,50,100,100,200,50,https://raw.githubusercontent.com/PokeAPI/sprites/master/sprites/pokemon/versions/generation-viii/icons/378.png
registeel,steel,,80,75,150,75,150,50,https://raw.githubusercontent.com/PokeAPI/sprites/master/sprites/pokemon/versions/generation-viii/icons/379.png
latias,dragon,psychic,80,80,90,110,130,110,https://raw.githubusercontent.com/PokeAPI/sprites/master/sprites/pokemon/versions/generation-viii/icons/380.png
latios,dragon,psychic,80,90,80,130,110,110,https://raw.githubusercontent.com/PokeAPI/sprites/master/sprites/pokemon/versions/generation-viii/icons/381.png
kyogre,water,,100,100,90,150,140,90,https://raw.githubusercontent.com/PokeAPI/sprites/master/sprites/pokemon/versions/generation-viii/icons/382.png
groudon,ground,,100,150,140,100,90,90,https://raw.githubusercontent.com/PokeAPI/sprites/master/sprites/pokemon/versions/generation-viii/icons/383.png
rayquaza,dragon,flying,105,150,90,150,90,95,https://raw.githubusercontent.com/PokeAPI/sprites/master/sprites/pokemon/versions/generation-viii/icons/384.png
jirachi,steel,psychic,100,100,100,100,100,100,https://raw.githubusercontent.com/PokeAPI/sprites/master/sprites/pokemon/versions/generation-viii/icons/385.png
deoxys-normal,psychic,,50,150,50,150,50,150,https://raw.githubusercontent.com/PokeAPI/sprites/master/sprites/pokemon/versions/generation-viii/icons/386.png
turtwig,grass,,55,68,64,45,55,31,https://raw.githubusercontent.com/PokeAPI/sprites/master/sprites/pokemon/versions/generation-viii/icons/387.png
grotle,grass,,75,89,85,55,65,36,https://raw.githubusercontent.com/PokeAPI/sprites/master/sprites/pokemon/versions/generation-viii/icons/388.png
torterra,grass,ground,95,109,105,75,85,56,https://raw.githubusercontent.com/PokeAPI/sprites/master/sprites/pokemon/versions/generation-viii/icons/389.png
chimchar,fire,,44,58,44,58,44,61,https://raw.githubusercontent.com/PokeAPI/sprites/master/sprites/pokemon/versions/generation-viii/icons/390.png
monferno,fire,fighting,64,78,52,78,52,81,https://raw.githubusercontent.com/PokeAPI/sprites/master/sprites/pokemon/versions/generation-viii/icons/391.png
infernape,fire,fighting,76,104,71,104,71,108,https://raw.githubusercontent.com/PokeAPI/sprites/master/sprites/pokemon/versions/generation-viii/icons/392.png
piplup,water,,53,51,53,61,56,40,https://raw.githubusercontent.com/PokeAPI/sprites/master/sprites/pokemon/versions/generation-viii/icons/393.png
prinplup,water,,64,66,68,81,76,50,https://raw.githubusercontent.com/PokeAPI/sprites/master/sprites/pokemon/versions/generation-viii/icons/394.png
empoleon,water,steel,84,86,88,111,101,60,https://raw.githubusercontent.com/PokeAPI/sprites/master/sprites/pokemon/versions/generation-viii/icons/395.png
starly,normal,flying,40,55,30,30,30,60,https://raw.githubusercontent.com/PokeAPI/sprites/master/sprites/pokemon/versions/generation-viii/icons/396.png
staravia,normal,flying,55,75,50,40,40,80,https://raw.githubusercontent.com/PokeAPI/sprites/master/sprites/pokemon/versions/generation-viii/icons/397.png
staraptor,normal,flying,85,120,70,50,60,100,https://raw.githubusercontent.com/PokeAPI/sprites/master/sprites/pokemon/versions/generation-viii/icons/398.png
bidoof,normal,,59,45,40,35,40,31,https://raw.githubusercontent.com/PokeAPI/sprites/master/sprites/pokemon/versions/generation-viii/icons/399.png
bibarel,normal,water,79,85,60,55,60,71,https://raw.githubusercontent.com/PokeAPI/sprites/master/sprites/pokemon/versions/generation-viii/icons/400.png
kricketot,bug,,37,25,41,25,41,25,https://raw.githubusercontent.com/PokeAPI/sprites/master/sprites/pokemon/versions/generation-viii/icons/401.png
kricketune,bug,,77,85,51,55,51,65,https://raw.githubusercontent.com/PokeAPI/sprites/master/sprites/pokemon/versions/generation-viii/icons/402.png
shinx,electric,,45,65,34,40,34,45,https://raw.githubusercontent.com/PokeAPI/sprites/master/sprites/pokemon/versions/generation-viii/icons/403.png
luxio,electric,,60,85,49,60,49,60,https://raw.githubusercontent.com/PokeAPI/sprites/master/sprites/pokemon/versions/generation-viii/icons/404.png
luxray,electric,,80,120,79,95,79,70,https://raw.githubusercontent.com/PokeAPI/sprites/master/sprites/pokemon/versions/generation-viii/icons/405.png
budew,grass,poison,40,30,35,50,70,55,https://raw.githubusercontent.com/PokeAPI/sprites/master/sprites/pokemon/versions/generation-viii/icons/406.png
roserade,grass,poison,60,70,65,125,105,90,https://raw.githubusercontent.com/PokeAPI/sprites/master/sprites/pokemon/versions/generation-viii/icons/407.png
cranidos,rock,,67,125,40,30,30,58,https://raw.githubusercontent.com/PokeAPI/sprites/master/sprites/pokemon/versions/generation-viii/icons/408.png
rampardos,rock,,97,165,60,65,50,58,https://raw.githubusercontent.com/PokeAPI/sprites/master/sprites/pokemon/versions/generation-viii/icons/409.png
shieldon,rock,steel,30,42,118,42,88,30,https://raw.githubusercontent.com/PokeAPI/sprites/master/sprites/pokemon/versions/generation-viii/icons/410.png
bastiodon,rock,steel,60,52,168,47,138,30,https://raw.githubusercontent.com/PokeAPI/sprites/master/sprites/pokemon/versions/generation-viii/icons/411.png
burmy,bug,,40,29,45,29,45,36,https://raw.githubusercontent.com/PokeAPI/sprites/master/sprites/pokemon/versions/generation-viii/icons/412.png
wormadam-plant,bug,grass,60,59,85,79,105,36,https://raw.githubusercontent.com/PokeAPI/sprites/master/sprites/pokemon/versions/generation-viii/icons/413.png
mothim,bug,flying,70,94,50,94,50,66,https://raw.githubusercontent.com/PokeAPI/sprites/master/sprites/pokemon/versions/generation-viii/icons/414.png
combee,bug,flying,30,30,42,30,42,70,https://raw.githubusercontent.com/PokeAPI/sprites/master/sprites/pokemon/versions/generation-viii/icons/415.png
vespiquen,bug,flying,70,80,102,80,102,40,https://raw.githubusercontent.com/PokeAPI/sprites/master/sprites/pokemon/versions/generation-viii/icons/416.png
pachirisu,electric,,60,45,70,45,90,95,https://raw.githubusercontent.com/PokeAPI/sprites/master/sprites/pokemon/versions/generation-viii/icons/417.png
buizel,water,,55,65,35,60,30,85,https://raw.githubusercontent.com/PokeAPI/sprites/master/sprites/pokemon/versions/generation-viii/icons/418.png
floatzel,water,,85,105,55,85,50,115,https://raw.githubusercontent.com/PokeAPI/sprites/master/sprites/pokemon/versions/generation-viii/icons/419.png
cherubi,grass,,45,35,45,62,53,35,https://raw.githubusercontent.com/PokeAPI/sprites/master/sprites/pokemon/versions/generation-viii/icons/420.png
cherrim,grass,,70,60,70,87,78,85,https://raw.githubusercontent.com/PokeAPI/sprites/master/sprites/pokemon/versions/generation-viii/icons/421.png
shellos,water,,76,48,48,57,62,34,https://raw.githubusercontent.com/PokeAPI/sprites/master/sprites/pokemon/versions/generation-viii/icons/422.png
gastrodon,water,ground,111,83,68,92,82,39,https://raw.githubusercontent.com/PokeAPI/sprites/master/sprites/pokemon/versions/generation-viii/icons/423.png
ambipom,normal,,75,100,66,60,66,115,https://raw.githubusercontent.com/PokeAPI/sprites/master/sprites/pokemon/versions/generation-viii/icons/424.png
drifloon,ghost,flying,90,50,34,60,44,70,https://raw.githubusercontent.com/PokeAPI/sprites/master/sprites/pokemon/versions/generation-viii/icons/425.png
drifblim,ghost,flying,150,80,44,90,54,80,https://raw.githubusercontent.com/PokeAPI/sprites/master/sprites/pokemon/versions/generation-viii/icons/426.png
buneary,normal,,55,66,44,44,56,85,https://raw.githubusercontent.com/PokeAPI/sprites/master/sprites/pokemon/versions/generation-viii/icons/427.png
lopunny,normal,,65,76,84,54,96,105,https://raw.githubusercontent.com/PokeAPI/sprites/master/sprites/pokemon/versions/generation-viii/icons/428.png
mismagius,ghost,,60,60,60,105,105,105,https://raw.githubusercontent.com/PokeAPI/sprites/master/sprites/pokemon/versions/generation-viii/icons/429.png
honchkrow,dark,flying,100,125,52,105,52,71,https://raw.githubusercontent.com/PokeAPI/sprites/master/sprites/pokemon/versions/generation-viii/icons/430.png
glameow,normal,,49,55,42,42,37,85,https://raw.githubusercontent.com/PokeAPI/sprites/master/sprites/pokemon/versions/generation-viii/icons/431.png
purugly,normal,,71,82,64,64,59,112,https://raw.githubusercontent.com/PokeAPI/sprites/master/sprites/pokemon/versions/generation-viii/icons/432.png
chingling,psychic,,45,30,50,65,50,45,https://raw.githubusercontent.com/PokeAPI/sprites/master/sprites/pokemon/versions/generation-viii/icons/433.png
stunky,poison,dark,63,63,47,41,41,74,https://raw.githubusercontent.com/PokeAPI/sprites/master/sprites/pokemon/versions/generation-viii/icons/434.png
skuntank,poison,dark,103,93,67,71,61,84,https://raw.githubusercontent.com/PokeAPI/sprites/master/sprites/pokemon/versions/generation-viii/icons/435.png
bronzor,steel,psychic,57,24,86,24,86,23,https://raw.githubusercontent.com/PokeAPI/sprites/master/sprites/pokemon/versions/generation-viii/icons/436.png
bronzong,steel,psychic,67,89,116,79,116,33,https://raw.githubusercontent.com/PokeAPI/sprites/master/sprites/pokemon/versions/generation-viii/icons/437.png
bonsly,rock,,50,80,95,10,45,10,https://raw.githubusercontent.com/PokeAPI/sprites/master/sprites/pokemon/versions/generation-viii/icons/438.png
mime-jr,psychic,fairy,20,25,45,70,90,60,https://raw.githubusercontent.com/PokeAPI/sprites/master/sprites/pokemon/versions/generation-viii/icons/439.png
happiny,normal,,100,5,5,15,65,30,https://raw.githubusercontent.com/PokeAPI/sprites/master/sprites/pokemon/versions/generation-viii/icons/440.png
chatot,normal,flying,76,65,45,92,42,91,https://raw.githubusercontent.com/PokeAPI/sprites/master/sprites/pokemon/versions/generation-viii/icons/441.png
spiritomb,ghost,dark,50,92,108,92,108,35,https://raw.githubusercontent.com/PokeAPI/sprites/master/sprites/pokemon/versions/generation-viii/icons/442.png
gible,dragon,ground,58,70,45,40,45,42,https://raw.githubusercontent.com/PokeAPI/sprites/master/sprites/pokemon/versions/generation-viii/icons/443.png
gabite,dragon,ground,68,90,65,50,55,82,https://raw.githubusercontent.com/PokeAPI/sprites/master/sprites/pokemon/versions/generation-viii/icons/444.png
garchomp,dragon,ground,108,130,95,80,85,102,https://raw.githubusercontent.com/PokeAPI/sprites/master/sprites/pokemon/versions/generation-viii/icons/445.png
munchlax,normal,,135,85,40,40,85,5,https://raw.githubusercontent.com/PokeAPI/sprites/master/sprites/pokemon/versions/generation-viii/icons/446.png
riolu,fighting,,40,70,40,35,40,60,https://raw.githubusercontent.com/PokeAPI/sprites/master/sprites/pokemon/versions/generation-viii/icons/447.png
lucario,fighting,steel,70,110,70,115,70,90,https://raw.githubusercontent.com/PokeAPI/sprites/master/sprites/pokemon/versions/generation-viii/icons/448.png
hippopotas,ground,,68,72,78,38,42,32,https://raw.githubusercontent.com/PokeAPI/sprites/master/sprites/pokemon/versions/generation-viii/icons/449.png
hippowdon,ground,,108,112,118,68,72,47,https://raw.githubusercontent.com/PokeAPI/sprites/master/sprites/pokemon/versions/generation-viii/icons/450.png
skorupi,poison,bug,40,50,90,30,55,65,https://raw.githubusercontent.com/PokeAPI/sprites/master/sprites/pokemon/versions/generation-viii/icons/451.png
drapion,poison,dark,70,90,110,60,75,95,https://raw.githubusercontent.com/PokeAPI/sprites/master/sprites/pokemon/versions/generation-viii/icons/452.png
croagunk,poison,fighting,48,61,40,61,40,50,https://raw.githubusercontent.com/PokeAPI/sprites/master/sprites/pokemon/versions/generation-viii/icons/453.png
toxicroak,poison,fighting,83,106,65,86,65,85,https://raw.githubusercontent.com/PokeAPI/sprites/master/sprites/pokemon/versions/generation-viii/icons/454.png
carnivine,grass,,74,100,72,90,72,46,https://raw.githubusercontent.com/PokeAPI/sprites/master/sprites/pokemon/versions/generation-viii/icons/455.png
finneon,water,,49,49,56,49,61,66,https://raw.githubusercontent.com/PokeAPI/sprites/master/sprites/pokemon/versions/generation-viii/icons/456.png
lumineon,water,,69,69,76,69,86,91,https://raw.githubusercontent.com/PokeAPI/sprites/master/sprites/pokemon/versions/generation-viii/icons/457.png
mantyke,water,flying,45,20,50,60,120,50,https://raw.githubusercontent.com/PokeAPI/sprites/master/sprites/pokemon/versions/generation-viii/icons/458.png
snover,grass,ice,60,62,50,62,60,40,https://raw.githubusercontent.com/PokeAPI/sprites/master/sprites/pokemon/versions/generation-viii/icons/459.png
abomasnow,grass,ice,90,92,75,92,85,60,https://raw.githubusercontent.com/PokeAPI/sprites/master/sprites/pokemon/versions/generation-viii/icons/460.png
weavile,dark,ice,70,120,65,45,85,125,https://raw.githubusercontent.com/PokeAPI/sprites/master/sprites/pokemon/versions/generation-viii/icons/461.png
magnezone,electric,steel,70,70,115,130,90,60,https://raw.githubusercontent.com/PokeAPI/sprites/master/sprites/pokemon/versions/generation-viii/icons/462.png
lickilicky,normal,,110,85,95,80,95,50,https://raw.githubusercontent.com/PokeAPI/sprites/master/sprites/pokemon/versions/generation-viii/icons/463.png
rhyperior,ground,rock,115,140,130,55,55,40,https://raw.githubusercontent.com/PokeAPI/sprites/master/sprites/pokemon/versions/generation-viii/icons/464.png
tangrowth,grass,,100,100,125,110,50,50,https://raw.githubusercontent.com/PokeAPI/sprites/master/sprites/pokemon/versions/generation-viii/icons/465.png
electivire,electric,,75,123,67,95,85,95,https://raw.githubusercontent.com/PokeAPI/sprites/master/sprites/pokemon/versions/generation-viii/icons/466.png
magmortar,fire,,75,95,67,125,95,83,https://raw.githubusercontent.com/PokeAPI/sprites/master/sprites/pokemon/versions/generation-viii/icons/467.png
togekiss,fairy,flying,85,50,95,120,115,80,https://raw.githubusercontent.com/PokeAPI/sprites/master/sprites/pokemon/versions/generation-viii/icons/468.png
yanmega,bug,flying,86,76,86,116,56,95,https://raw.githubusercontent.com/PokeAPI/sprites/master/sprites/pokemon/versions/generation-viii/icons/469.png
leafeon,grass,,65,110,130,60,65,95,https://raw.githubusercontent.com/PokeAPI/sprites/master/sprites/pokemon/versions/generation-viii/icons/470.png
glaceon,ice,,65,60,110,130,95,65,https://raw.githubusercontent.com/PokeAPI/sprites/master/sprites/pokemon/versions/generation-viii/icons/471.png
gliscor,ground,flying,75,95,125,45,75,95,https://raw.githubusercontent.com/PokeAPI/sprites/master/sprites/pokemon/versions/generation-viii/icons/472.png
mamoswine,ice,ground,110,130,80,70,60,80,https://raw.githubusercontent.com/PokeAPI/sprites/master/sprites/pokemon/versions/generation-viii/icons/473.png
porygon-z,normal,,85,80,70,135,75,90,https://raw.githubusercontent.com/PokeAPI/sprites/master/sprites/pokemon/versions/generation-viii/icons/474.png
gallade,psychic,fighting,68,125,65,65,115,80,https://raw.githubusercontent.com/PokeAPI/sprites/master/sprites/pokemon/versions/generation-viii/icons/475.png
probopass,rock,steel,60,55,145,75,150,40,https://raw.githubusercontent.com/PokeAPI/sprites/master/sprites/pokemon/versions/generation-viii/icons/476.png
dusknoir,ghost,,45,100,135,65,135,45,https://raw.githubusercontent.com/PokeAPI/sprites/master/sprites/pokemon/versions/generation-viii/icons/477.png
froslass,ice,ghost,70,80,70,80,70,110,https://raw.githubusercontent.com/PokeAPI/sprites/master/sprites/pokemon/versions/generation-viii/icons/478.png
rotom,electric,ghost,50,50,77,95,77,91,https://raw.githubusercontent.com/PokeAPI/sprites/master/sprites/pokemon/versions/generation-viii/icons/479.png
uxie,psychic,,75,75,130,75,130,95,https://raw.githubusercontent.com/PokeAPI/sprites/master/sprites/pokemon/versions/generation-viii/icons/480.png
mesprit,psychic,,80,105,105,105,105,80,https://raw.githubusercontent.com/PokeAPI/sprites/master/sprites/pokemon/versions/generation-viii/icons/481.png
azelf,psychic,,75,125,70,125,70,115,https://raw.githubusercontent.com/PokeAPI/sprites/master/sprites/pokemon/versions/generation-viii/icons/482.png
dialga,steel,dragon,100,120,120,150,100,90,https://raw.githubusercontent.com/PokeAPI/sprites/master/sprites/pokemon/versions/generation-viii/icons/483.png
palkia,water,dragon,90,120,100,150,120,100,https://raw.githubusercontent.com/PokeAPI/sprites/master/sprites/pokemon/versions/generation-viii/icons/484.png
heatran,fire,steel,91,90,106,130,106,77,https://raw.githubusercontent.com/PokeAPI/sprites/master/sprites/pokemon/versions/generation-viii/icons/485.png
regigigas,normal,,110,160,110,80,110,100,https://raw.githubusercontent.com/PokeAPI/sprites/master/sprites/pokemon/versions/generation-viii/icons/486.png
giratina-altered,ghost,dragon,150,100,120,100,120,90,https://raw.githubusercontent.com/PokeAPI/sprites/master/sprites/pokemon/versions/generation-viii/icons/487.png
cresselia,psychic,,120,70,110,75,120,85,https://raw.githubusercontent.com/PokeAPI/sprites/master/sprites/pokemon/versions/generation-viii/icons/488.png
phione,water,,80,80,80,80,80,80,https://raw.githubusercontent.com/PokeAPI/sprites/master/sprites/pokemon/versions/generation-viii/icons/489.png
manaphy,water,,100,100,100,100,100,100,https://raw.githubusercontent.com/PokeAPI/sprites/master/sprites/pokemon/versions/generation-viii/icons/490.png
darkrai,dark,,70,90,90,135,90,125,https://raw.githubusercontent.com/PokeAPI/sprites/master/sprites/pokemon/versions/generation-viii/icons/491.png
shaymin-land,grass,,100,100,100,100,100,100,https://raw.githubusercontent.com/PokeAPI/sprites/master/sprites/pokemon/versions/generation-viii/icons/492.png
arceus,normal,,120,120,120,120,120,120,https://raw.githubusercontent.com/PokeAPI/sprites/master/sprites/pokemon/versions/generation-viii/icons/493.png
